Question,Answer
Optometrist vs. Ophthalmologist: What’s the Difference?,"An optometrist treats your eyes. In contrast, an ophthalmologist focuses on doing surgical procedures for eye conditions, while an optician helps you fit eyeglasses and other vision-correcting devices."
What is an optometrist and what do they do?,An optometrist is the primary health care provider for routine eye care.
What is an ophthalmologist and what do they do?,An ophthalmologist is a medical doctor who specializes in surgical eye procedures.
What Are the Job Duties of an Optometrist?,"When someone starts having vision trouble, they see an optometrist for basic vision care. Optometrists do routine vision checks and tests, examine other parts of the visual system and diagnose and treat minor eye problems, diseases and injuries."
How Do the Job Duties of an Ophthalmologist Differ From an Optometrist?,"Ophthalmologists can do all the above duties that optometrists can, as well as perform eye surgery. They have the additional skills to specialize in surgery for conditions like glaucoma and cataracts. They also perform corneal, vitro-retinal, eye muscle and oculoplastic surgeries."
Where Do Optometrists and Ophthalmologists Work?,"Many optometrists own their practices, sometimes working in a practice with other optometrists. Some optometrists only work with a certain population, specializing in one type of eye care such as pediatrics or low vision. Optometrists also find employment in postsecondary education, as consultants and in research roles."
What Is the Average Optometrist Salary?,"According to the U.S. Bureau of Labor Statistics, the median annual wage for optometrists was$110,300, as of May 2017. This means that half of the industry made more and half made less. Those in the top 10 percent of earners made$190,090, while the bottom 10 percent brought home less than$53,740."
What Is the Average Ophthalmologist Salary?,"Ophthalmologists earn an average of$357,000a year, according to the Medscape Ophthalmologist Compensation Report from 2018. The salary for self-employed ophthalmologists is$429,000, higher than the salary for those working for other entities, which is an average of$256,000."
Where Do Optometrists Work?,"From2016to2026,the Bureau of Labor Statistics expects the field of optometry to grow nearly18 percent. That’s a significant difference from the seven percent growth expected across all occupations. Jobs for ophthalmologists are expected to grow nearly11 percentduring that same time period."
What causes crossed eyes?,"Crossed eyes occur either due to nerve damage or when the muscles around your eyes don’t work together because some are weaker than others. When your brain receives a different visual message from each eye, it ignores the signals coming from your weaker eye."
How is crossed eyes diagnosed?,"To prevent vision loss, early diagnosis and treatment for crossed eyes is important. If you develop symptoms of crossed eyes, make an appointment with an eye doctor. They’ll perform a series of tests to check the health of your eyes that may include:"
Who is at risk of crossed eyes?,You’re more likely to develop crossed eyes if you:
How are crossed eyes treated?,"Your recommended treatment plan for crossed eyes will depend on the severity and underlying cause of your condition. If your crossed eyes have resulted from a lazy eye, your doctor may have you wear a patch over your stronger eye to force the muscles of your weaker eye to work harder."
What is the long-term outlook for crossed eyes?,"Often crossed eyes can be corrected with corrective lenses, eye patches, surgery in rare cases, or by other modalities."
What is a doctor of optometry/optometrist?,"Doctors of optometry (O.D.s/optometrists), America’s primary eye health care providers, are the frontline of eye and vision care. Doctors of optometry are essential health care providers and are recognized as physicians under Medicare. They examine, diagnose, treat and manage diseases and disorders of the eye. In addition to providing eye and vision care, they play a major role in an individual’s overall health and well-being by detecting systemic diseases, and diagnosing, treating and managing ocular manifestations of those diseases, and providing vaccinations."
What is a comprehensive eye exam?,"Acomprehensive eye examconducted by a doctor of optometry determines the eye and vision health of a patient. During the exam, the doctor checks not only visual acuity through refraction but also the health of your eyes, eye tissue and other diseases. Each patient's symptoms, along with the doctor of optometry’s professional judgment, will determine what tests are conducted."
Why is it important to get comprehensive eye exams with a doctor of optometry?,"An in-person, comprehensive eye exam with a doctor of optometry is the medically recognized standard to assure precise and healthy vision, identify and treat diseases, such as glaucoma, a leading cause of blindness. In addition, eye exams safeguard overall health by enabling the doctor todetect more than 270 serious health conditionsincluding diabetes, high blood pressure, autoimmune diseases and cancers. In fact, in 2018 alone, doctors of optometry identified signs of diabetes in more than 301,000 patients who did not know they had the condition. In-person, comprehensive eye exams are one of the most important, preventive ways to preserve vision and..."
What is the difference between a comprehensive eye exam and a vision screening?,"Current vision screening methods cannot be relied on to effectively identify individuals who need vision care. These types of screenings are offered at schools, pediatrician offices or at the DMV. While they may uncover some vision problems, they can miss more than they find. In some cases, vision screenings can give a false sense of security for those individuals who ""pass"" the screening and inhibit the early diagnosis of vision problems. These people are then less likely to receive treatment for their vision problem and it could become worse."
Eye Numbing Drops: Why Are They Used and Are They Safe?,"Medical professionals use eye numbing drops to block the nerves in your eye from feeling pain or discomfort. If you’re pregnant or nursing, tell your doctor before getting eye numbing drops."
Can I buy eye numbing drops over the counter?,"Eye numbing drops are not available over the counter. These drops should only be applied under the supervision of a medical professional to avoid serious side effects and, in some cases,chemical dependency."
How does astigmatism affect my vision?,Astigmatismis a common vision condition that causes blurriness or distorted vision. It can affect the way light refracts on the retina.
What is 20/20 vision?,"20/20 vision means you have normal visual acuity (or sharpness and clarity) at a distance of 20 feet away. It doesn’t mean perfect vision, though. It only means you can see clearly at a distance."
Will your vision get worse?,"Vision doesn’t worsen as a result of getting older, but your risk for eye-related conditions and diseases does get increase as you age."
How often should you get your eyes checked?,"Your prescription can change, so it’s important to get regular eye exams. Adults ages 19 to 40 with vision problems should get their eyes checked at least every two years. Adults older than 40 should get them checked once a year."
How Long Does It Take for the Effects from Eye Dilation Drops to Wear Off?,"Getting your eyes dilated is an important part of any complete eye exam. Once your doctor puts in the dilating drops, it takes about 20–30 minutes for your pupils to fully open, or dilate."
What are the side effects of eye dilation drops?,"Dilation is harmless in the long term, but it does come with short-term side effects. These will usually last for about four to six hours."
Why is eye dilation important?,"Dilation allows an eye doctor to look inside your eyes. Dilating drops widen the pupil (the black part of your eye) so that it doesn’t get smaller when your doctor shines a light at it. The widened pupil allows your doctor to use a magnifying lens to look inside your eye and at the back of your eye. They’ll look at the retina, optic nerve, blood vessels, and other parts of your eye that can’t otherwise be seen."
What causes your eye to hurt when you blink?,"Common causes for eye pain when you blink include dry eyes, a stye, or pink eye (conjunctivitis). More serious conditions that can cause your eye to hurt when you blink include glaucoma or optic neuritis."
